{"cameraMode":{"drawMode":0,"name":"Shaded","section":"Shading Mode"},"sceneLighting":false,"audioPlay":false,"sceneViewState":{"m_AlwaysRefresh":false,"showFog":false,"showSkybox":false,"showFlares":false,"showImageEffects":false,"showParticleSystems":false,"showVisualEffectGraphs":true,"m_FxEnabled":true},"in2DMode":false,"pivot":{"x":-0.3466836214065552,"y":1.2732256650924683,"z":0.7911319732666016},"rotation":{"x":0.027622640132904054,"y":0.9674859642982483,"z":-0.22022263705730439,"w":0.12137642502784729},"size":1.7422423362731934,"orthographic":false}